Titulo,Creadores,Imagenes,Ligas,Precios
15 CONSEJOS MALVADOS PARA SER TU PROPIA SUPERHEROIN,"BACHUR, VANIA",https://www.gonvill.com.mx/imagenes/9786073/978607317861.JPG,https://www.gonvill.com.mx/libro/15-consejos-malvados-para-ser-tu-propia-superheroina_26401152,339.00
TODO SOBRE PIKACHU,VARIOS AUTORES,https://www.gonvill.com.mx/imagenes/9786073/978607318269.JPG,https://www.gonvill.com.mx/libro/todo-sobre-pikachu-coleccion-pokemon-_26401149,179.00
TRAINING CAMP. EL LIBRO DE RAIN,"BRYANT, KOBE",https://www.gonvill.com.mx/imagenes/9788417/978841780512.JPG,https://www.gonvill.com.mx/libro/training-camp-el-libro-de-rain-serie-wizenard-1-_16350482,69.00
"GACETA DE LANDRY, LA",SERIE NARANJA,https://www.gonvill.com.mx/imagenes/9786075/978607540552.JPG,https://www.gonvill.com.mx/libro/gaceta-de-landry-la-castillo-de-la-lectura_28802172,221.00
"ARTE DE LA GUERRA, EL",SUN TZU,https://www.gonvill.com.mx/imagenes/9786079/978607983870.JPG,https://www.gonvill.com.mx/libro/arte-de-la-guerra-el-col-literatos_38680019,65.00
"REINA DE LAS NIEVES, LA",WUUNDENTOY,https://www.gonvill.com.mx/imagenes/9789386/978938641258.JPG,https://www.gonvill.com.mx/libro/reina-de-las-nieves-la-pop-up_26660019,59.00
BAMBI,WUUNDENTOY,https://www.gonvill.com.mx/imagenes/9789386/978938641255.JPG,https://www.gonvill.com.mx/libro/bambi-pop-up_26660020,59.00
CUENTOS CON VALORES PARA DORMIR,WUUNDENTOY,https://www.gonvill.com.mx/imagenes/9789386/978938641260.JPG,https://www.gonvill.com.mx/libro/cuentos-con-valores-para-dormir-empastado_26660025,139.00
CUENTOS CON VALORES DE MUNDOS ENCANTADOS,WUUNDENTOY,https://www.gonvill.com.mx/imagenes/9789386/978938641261.JPG,https://www.gonvill.com.mx/libro/cuentos-con-valores-de-mundos-encantados-empastado_26660026,139.00
"PRINCIPITO, EL",WUUNDENTOY,https://www.gonvill.com.mx/imagenes/9789386/978938641259.JPG,https://www.gonvill.com.mx/libro/principito-el-empastado_26660027,139.00
LOS VESTIDOS DE NOVIAS DEL MUND,"CAMEL, JULIE",https://www.gonvill.com.mx/imagenes/9789877/978987747495.JPG,https://www.gonvill.com.mx/libro/los-vestidos-de-novias-del-mundo_34301241,199.00
HISTORIA DE LA EXPLORACIÓN ESPACIA,"LAUNIUS, ROGER D.",https://www.gonvill.com.mx/imagenes/9788417/978841733874.JPG,https://www.gonvill.com.mx/libro/historia-de-la-exploracion-espacial_03106457,199.00
EL CONEJO EN LA CARA DE LA LUN,"LÓPEZ AUSTIN, ALFREDO",https://www.gonvill.com.mx/imagenes/9786074/978607445431.JPG,https://www.gonvill.com.mx/libro/el-conejo-en-la-cara-de-la-luna_02400799,175.00
"ÁNGELES, PUTAS, SANTOS Y MÁRTIRE","PARRA, EDUARDO ANTONIO",https://www.gonvill.com.mx/imagenes/9786074/978607445331.JPG,https://www.gonvill.com.mx/libro/angeles-putas-santos-y-martires_02400815,164.00
INGLÉS PARA NIÑO,"HERNÁNDEZ, JOSÉ FRANCISCO",https://www.gonvill.com.mx/imagenes/9786074/978607453637.JPG,https://www.gonvill.com.mx/libro/ingles-para-ninos_00707391,139.00
INGLÉS AVANZADO SÚPER FÁCI,"CHÁVEZ VÁZQUEZ, VÍCTOR HUGO",https://www.gonvill.com.mx/imagenes/9786074/978607453635.JPG,https://www.gonvill.com.mx/libro/ingles-avanzado-super-facil_00707393,149.00
"AVENTURAS DE TOM SAWYER, LA","TWAIN, MARK",https://www.gonvill.com.mx/imagenes/9786074/978607453643.JPG,https://www.gonvill.com.mx/libro/aventuras-de-tom-sawyer-las_00707395,159.00
YO SOY LA PUERT,OSHO,https://www.gonvill.com.mx/imagenes/7502275/750227567143.JPG,https://www.gonvill.com.mx/libro/yo-soy-la-puerta_08910171,159.00
30 DIAS PARA ENTENDER LA BIBLI,"ANDERS, MAX",https://www.gonvill.com.mx/imagenes/9781404/978140411020.JPG,https://www.gonvill.com.mx/libro/30-dias-para-entender-la-biblia_11990659,339.00
PINOCHO,WINBOOK,https://www.gonvill.com.mx/imagenes/9781640/978164035575.JPG,https://www.gonvill.com.mx/libro/pinocho-grandes-clasicos-de-todos-los-tiempos_33820223,50.00
